{"initialDistance":1310.349158312418,"bestFoundDistance":629.179680872199,"route":[[228,169],[164,145],[40,63],[32,17],[16,17],[24,25],[8,73],[56,121],[40,145],[140,169]],"timeInMs":230}